Team,Winrate,Season
OKC,0.829,24_25
CLE,0.78,24_25
BOS,0.744,24_25
HOU,0.634,24_25
NYK,0.622,24_25
DEN,0.61,24_25
LAL,0.61,24_25
IND,0.61,24_25
LAC,0.61,24_25
MIN,0.598,24_25
MIL,0.585,24_25
MEM,0.585,24_25
GSW,0.585,24_25
DET,0.537,24_25
ORL,0.5,24_25
ATL,0.488,24_25
SAC,0.488,24_25
DAL,0.476,24_25
CHI,0.476,24_25
MIA,0.451,24_25
PHO,0.439,24_25
POR,0.439,24_25
SAS,0.415,24_25
TOR,0.366,24_25
BRK,0.317,24_25
PHI,0.293,24_25
NOP,0.256,24_25
CHO,0.232,24_25
WAS,0.22,24_25
UTA,0.207,24_25
